{"train_losses": [0.036960046980114784, 0.0020828307524714974, 0.0002057723574296595, 4.7922017022460894e-05, 2.7580496416298174e-05, 1.8747711947303085e-05, 1.3314876367562676e-05, 9.857796192788156e-06, 7.674746235456632e-06, 6.3547914291769645e-06, 5.6874517004599184e-06, 4.488553965593441e-06, 3.5503505392961805e-06, 2.9925021412761516e-06, 3.146558906424199e-06, 3.5342840619473664e-06, 2.7693324378201483e-06, 3.4788447146348997e-06, 2.991720372650379e-06, 4.19286280850811e-06, 3.322089341123895e-06, 4.527542010318186e-06, 4.741968408472913e-06, 3.892465162613343e-06, 4.57637352416554e-06, 4.710537473256756e-06, 5.00111688524835e-06, 1.167986934311777e-06, 1.122430596693726e-06, 1.2140024584982857e-06, 1.2434016220152205e-06, 1.164889872771785e-06, 1.317509035995563e-06, 1.3738837975226234e-06, 1.7024643275768412e-06, 1.570023720690587e-06, 2.1480318233084377e-06, 1.7811629262069123e-06, 2.2105496675941853e-06, 2.508729680102756e-06, 8.966640172156464e-07, 9.180323472227063e-07, 9.656716529091327e-07, 9.767172319903798e-07, 9.995577459008859e-07, 1.1341255884825883e-06, 1.0463066464986568e-06, 1.003533107415736e-06, 1.1043055447064881e-06, 8.656380926260832e-07, 7.934168777888296e-07, 8.280626284025984e-07, 8.991719209771658e-07, 9.005846106395143e-07, 8.346825903343786e-07, 9.352542890740835e-07, 8.241866869324857e-07, 8.346131016082112e-07, 9.59890362942915e-07, 9.05039915622206e-07, 8.849117826557515e-07, 9.140252279776525e-07, 7.826892950940598e-07, 7.879952263581243e-07, 7.559403127867829e-07, 7.864437945824364e-07, 7.890427296396914e-07, 7.941143076168026e-07, 7.875343254356012e-07, 8.0271785287307e-07, 7.605853763081517e-07, 8.030708738570651e-07, 8.240808428572969e-07, 7.881006352372018e-07, 7.991548134243064e-07, 7.131373494503119e-07, 7.262428684982158e-07, 7.150661447705171e-07, 7.403208115331714e-07, 7.44290071069934e-07, 7.32412298543605e-07, 7.300816283984036e-07, 7.258156083799184e-07, 7.165742868431726e-07, 6.918517389277342e-07, 6.83247183343057e-07, 6.869529799694496e-07, 6.926947630354392e-07, 6.871221065194402e-07, 6.880508528561772e-07, 6.856032380574396e-07, 6.885187987420393e-07, 6.917062673863395e-07, 6.853313769845079e-07, 6.938464172186391e-07, 6.67737332863398e-07, 6.757558854793492e-07, 6.706535349372748e-07, 6.709955836931898e-07, 6.788035949837904e-07], "val_losses": [0.004079967606230639, 0.0005713803984690458, 6.75248564903086e-05, 3.470435353847279e-05, 2.3687644727488077e-05, 1.5500588943950788e-05, 1.1632873224698415e-05, 1.4703525692993935e-05, 7.202175822840218e-06, 6.100306180201187e-06, 4.453767054712898e-06, 3.999667306686661e-06, 3.088693485864269e-06, 4.7108724743338826e-06, 7.3177767632159885e-06, 2.3332243408447084e-06, 2.3731667262438805e-06, 2.3368676593804594e-06, 3.4696647261966973e-06, 3.191611988029308e-06, 2.029924040414244e-06, 3.5413909031944968e-06, 2.6902183591914763e-06, 2.2938919244097633e-06, 2.9925032336564072e-06, 3.1729426339666134e-06, 2.3939987485732672e-06, 1.9316428350180104e-06, 1.6044487871624824e-06, 1.181492315538435e-06, 1.33950398151228e-06, 1.6785194425494865e-06, 1.0990080347994535e-06, 1.0975876669760964e-06, 1.4421796112884522e-06, 1.1563872508446593e-06, 2.5214409689056083e-06, 3.957551456323927e-06, 2.6049384658222152e-06, 2.3259940356012976e-06, 1.1815719691554705e-06, 1.5788186686904737e-06, 9.391873669883921e-07, 2.6280639779940884e-06, 1.058836000211727e-06, 1.1292918582483935e-06, 1.1098330094938547e-06, 1.251507706356847e-06, 1.6279862116164168e-06, 8.822187833601447e-07, 8.784638341197137e-07, 9.036210126822652e-07, 1.0564247201472199e-06, 8.856420432579171e-07, 1.0087258921487319e-06, 8.682611634114323e-07, 9.094000414933134e-07, 1.3881038256613465e-06, 9.658282298374843e-07, 1.1363843199774237e-06, 1.1676064115562212e-06, 1.0052048224906684e-06, 9.367980808860921e-07, 8.654063972102222e-07, 8.34105134295271e-07, 9.60272807049023e-07, 8.583450572530182e-07, 8.91407929692889e-07, 7.966581314633459e-07, 8.697015951852904e-07, 7.997526241254604e-07, 1.2070661732366261e-06, 9.300263812406229e-07, 8.440689951427771e-07, 1.0757911024228406e-06, 8.933728219417958e-07, 8.119550320984104e-07, 7.824082661755938e-07, 1.316155692876464e-06, 8.491179110947655e-07, 8.542465037564284e-07, 7.857908252972834e-07, 7.985362051599054e-07, 8.554005725969205e-07, 7.704439095590487e-07, 7.802591115435575e-07, 8.055336095935672e-07, 7.593762090252199e-07, 7.496582652422035e-07, 7.768838283794821e-07, 8.035419423180201e-07, 7.738074678798057e-07, 8.031885823100993e-07, 7.586085430943967e-07, 7.635368621805583e-07, 7.500718242070548e-07, 7.498130898397903e-07, 7.542091502443782e-07, 7.576355356420095e-07, 8.166123963704308e-07], "best_val_loss": 7.496582652422035e-07}